dataset,model,label,score,positives,negatives,auroc_directional,auprc,run
MoNuSeg,point_seed42,bad_dice_lt_0.65,global_mean_entropy,43,125,0.8373953488372092,0.7629560716781845,stage1_review_budget_monuseg_point_seed42
MoNuSeg,point_seed42,bad_dice_lt_0.65,global_max_entropy,43,125,0.6037209302325581,0.2964146355129131,stage1_review_budget_monuseg_point_seed42
MoNuSeg,point_seed42,bad_dice_lt_0.65,global_mean_margin_uncertainty,43,125,0.8347906976744187,0.7578826510026988,stage1_review_budget_monuseg_point_seed42
MoNuSeg,point_seed42,bad_dice_lt_0.65,foreground_area_frac,43,125,0.8154418604651162,0.685269076693646,stage1_review_budget_monuseg_point_seed42
MoNuSeg,point_seed42,bad_dice_lt_0.65,boundary_risk_score,43,125,0.6200930232558141,0.3201997482929407,stage1_review_budget_monuseg_point_seed42
MoNuSeg,point_seed42,bad_dice_lt_0.65,boundary_overconfidence_score,43,125,0.6432558139534884,0.1973436554118816,stage1_review_budget_monuseg_point_seed42
MoNuSeg,point_seed42,bad_dice_lt_0.65,boundary_abnormality_score,43,125,0.6188837209302325,0.3534193803626422,stage1_review_budget_monuseg_point_seed42
MoNuSeg,point_seed42,bad_dice_lt_0.65,boundary_dual_risk_score,43,125,0.5285581395348837,0.2565716263110652,stage1_review_budget_monuseg_point_seed42
MoNuSeg,point_seed42,bad_dice_lt_0.65,uncertainty_cluster_score,43,125,0.8311627906976744,0.7613890182640979,stage1_review_budget_monuseg_point_seed42
MoNuSeg,point_seed42,bad_dice_lt_0.65,topology_risk_score,43,125,0.8362790697674417,0.7475406789997973,stage1_review_budget_monuseg_point_seed42
MoNuSeg,point_seed42,bad_dice_lt_0.65,sfrm_composite_score,43,125,0.8684651162790699,0.8196324406744387,stage1_review_budget_monuseg_point_seed42
MoNuSeg,point_seed42,bad_dice_lt_0.65,sfrm_balanced_score,43,125,0.8274418604651163,0.6769966393039746,stage1_review_budget_monuseg_point_seed42
MoNuSeg,point_seed42,low_boundary_dice_le_q25,global_mean_entropy,42,126,0.9544595616024188,0.9390386213644628,stage1_review_budget_monuseg_point_seed42
MoNuSeg,point_seed42,low_boundary_dice_le_q25,global_max_entropy,42,126,0.5024565381708239,0.250972208891932,stage1_review_budget_monuseg_point_seed42
MoNuSeg,point_seed42,low_boundary_dice_le_q25,global_mean_margin_uncertainty,42,126,0.956727135298564,0.946870410054557,stage1_review_budget_monuseg_point_seed42
MoNuSeg,point_seed42,low_boundary_dice_le_q25,foreground_area_frac,42,126,0.9673091458805744,0.955563988934013,stage1_review_budget_monuseg_point_seed42
MoNuSeg,point_seed42,low_boundary_dice_le_q25,boundary_risk_score,42,126,0.5248488284202569,0.2428071894841997,stage1_review_budget_monuseg_point_seed42
MoNuSeg,point_seed42,low_boundary_dice_le_q25,boundary_overconfidence_score,42,126,0.5438397581254724,0.2363280045386381,stage1_review_budget_monuseg_point_seed42
MoNuSeg,point_seed42,low_boundary_dice_le_q25,boundary_abnormality_score,42,126,0.5421390778533636,0.2833895785863133,stage1_review_budget_monuseg_point_seed42
MoNuSeg,point_seed42,low_boundary_dice_le_q25,boundary_dual_risk_score,42,126,0.5151171579743008,0.2528408568740663,stage1_review_budget_monuseg_point_seed42
MoNuSeg,point_seed42,low_boundary_dice_le_q25,uncertainty_cluster_score,42,126,0.9613567649281936,0.915841916673846,stage1_review_budget_monuseg_point_seed42
MoNuSeg,point_seed42,low_boundary_dice_le_q25,topology_risk_score,42,126,0.9726001511715796,0.9156552822693872,stage1_review_budget_monuseg_point_seed42
MoNuSeg,point_seed42,low_boundary_dice_le_q25,sfrm_composite_score,42,126,0.967687074829932,0.9169425960105329,stage1_review_budget_monuseg_point_seed42
MoNuSeg,point_seed42,low_boundary_dice_le_q25,sfrm_balanced_score,42,126,0.9457671957671956,0.846155605106866,stage1_review_budget_monuseg_point_seed42
MoNuSeg,point_seed42,high_error_ge_q0.75,global_mean_entropy,42,126,0.9986772486772488,0.9961867550130692,stage1_review_budget_monuseg_point_seed42
MoNuSeg,point_seed42,high_error_ge_q0.75,global_max_entropy,42,126,0.5020786092214664,0.2524763207484061,stage1_review_budget_monuseg_point_seed42
MoNuSeg,point_seed42,high_error_ge_q0.75,global_mean_margin_uncertainty,42,126,0.9998110355253212,0.9994462901439646,stage1_review_budget_monuseg_point_seed42
MoNuSeg,point_seed42,high_error_ge_q0.75,foreground_area_frac,42,126,0.9996220710506424,0.9989177489177488,stage1_review_budget_monuseg_point_seed42
MoNuSeg,point_seed42,high_error_ge_q0.75,boundary_risk_score,42,126,0.539021164021164,0.237472828622449,stage1_review_budget_monuseg_point_seed42
MoNuSeg,point_seed42,high_error_ge_q0.75,boundary_overconfidence_score,42,126,0.5078420256991686,0.2554600186902361,stage1_review_budget_monuseg_point_seed42
MoNuSeg,point_seed42,high_error_ge_q0.75,boundary_abnormality_score,42,126,0.5359977324263039,0.2786661340531623,stage1_review_budget_monuseg_point_seed42
MoNuSeg,point_seed42,high_error_ge_q0.75,boundary_dual_risk_score,42,126,0.5254157218442933,0.2595198430500253,stage1_review_budget_monuseg_point_seed42
MoNuSeg,point_seed42,high_error_ge_q0.75,uncertainty_cluster_score,42,126,0.994520030234316,0.9847407198234726,stage1_review_budget_monuseg_point_seed42
MoNuSeg,point_seed42,high_error_ge_q0.75,topology_risk_score,42,126,0.9843159486016628,0.957334022112898,stage1_review_budget_monuseg_point_seed42
MoNuSeg,point_seed42,high_error_ge_q0.75,sfrm_composite_score,42,126,0.9896069538926682,0.9748269095936256,stage1_review_budget_monuseg_point_seed42
MoNuSeg,point_seed42,high_error_ge_q0.75,sfrm_balanced_score,42,126,0.9754346182917611,0.9157017078944638,stage1_review_budget_monuseg_point_seed42
MoNuSeg,point_seed42,high_boundary_error_ge_q0.75,global_mean_entropy,42,126,0.8977702191987906,0.567919774491219,stage1_review_budget_monuseg_point_seed42
MoNuSeg,point_seed42,high_boundary_error_ge_q0.75,global_max_entropy,42,126,0.6844293272864701,0.182828751895452,stage1_review_budget_monuseg_point_seed42
MoNuSeg,point_seed42,high_boundary_error_ge_q0.75,global_mean_margin_uncertainty,42,126,0.8968253968253969,0.5667995102861147,stage1_review_budget_monuseg_point_seed42
MoNuSeg,point_seed42,high_boundary_error_ge_q0.75,foreground_area_frac,42,126,0.8849206349206349,0.5655861226935915,stage1_review_budget_monuseg_point_seed42
MoNuSeg,point_seed42,high_boundary_error_ge_q0.75,boundary_risk_score,42,126,0.7411186696900982,0.1681497940767363,stage1_review_budget_monuseg_point_seed42
MoNuSeg,point_seed42,high_boundary_error_ge_q0.75,boundary_overconfidence_score,42,126,0.7526455026455027,0.5205791864736716,stage1_review_budget_monuseg_point_seed42
MoNuSeg,point_seed42,high_boundary_error_ge_q0.75,boundary_abnormality_score,42,126,0.5585789871504158,0.2286673946840611,stage1_review_budget_monuseg_point_seed42
MoNuSeg,point_seed42,high_boundary_error_ge_q0.75,boundary_dual_risk_score,42,126,0.5736961451247166,0.3770283886660748,stage1_review_budget_monuseg_point_seed42
MoNuSeg,point_seed42,high_boundary_error_ge_q0.75,uncertainty_cluster_score,42,126,0.8671579743008315,0.5463576013876776,stage1_review_budget_monuseg_point_seed42
MoNuSeg,point_seed42,high_boundary_error_ge_q0.75,topology_risk_score,42,126,0.85062358276644,0.5897908451525918,stage1_review_budget_monuseg_point_seed42
MoNuSeg,point_seed42,high_boundary_error_ge_q0.75,sfrm_composite_score,42,126,0.8448601662887377,0.5163142232172135,stage1_review_budget_monuseg_point_seed42
MoNuSeg,point_seed42,high_boundary_error_ge_q0.75,sfrm_balanced_score,42,126,0.8748110355253212,0.5788127040847454,stage1_review_budget_monuseg_point_seed42
MoNuSeg,point_seed42,high_lecr_boundary_ge_q0.75,global_mean_entropy,42,126,0.7874149659863946,0.1608152143772816,stage1_review_budget_monuseg_point_seed42
MoNuSeg,point_seed42,high_lecr_boundary_ge_q0.75,global_max_entropy,42,126,0.6358654572940288,0.5143249823750152,stage1_review_budget_monuseg_point_seed42
MoNuSeg,point_seed42,high_lecr_boundary_ge_q0.75,global_mean_margin_uncertainty,42,126,0.7813681027966741,0.1617952587119425,stage1_review_budget_monuseg_point_seed42
MoNuSeg,point_seed42,high_lecr_boundary_ge_q0.75,foreground_area_frac,42,126,0.7091836734693877,0.1754783365123594,stage1_review_budget_monuseg_point_seed42
MoNuSeg,point_seed42,high_lecr_boundary_ge_q0.75,boundary_risk_score,42,126,0.6254724111866969,0.2115738373312342,stage1_review_budget_monuseg_point_seed42
MoNuSeg,point_seed42,high_lecr_boundary_ge_q0.75,boundary_overconfidence_score,42,126,0.653817082388511,0.3741511152744882,stage1_review_budget_monuseg_point_seed42
MoNuSeg,point_seed42,high_lecr_boundary_ge_q0.75,boundary_abnormality_score,42,126,0.5290060468631897,0.250698064724673,stage1_review_budget_monuseg_point_seed42
MoNuSeg,point_seed42,high_lecr_boundary_ge_q0.75,boundary_dual_risk_score,42,126,0.5560279667422524,0.2937528099490319,stage1_review_budget_monuseg_point_seed42
MoNuSeg,point_seed42,high_lecr_boundary_ge_q0.75,uncertainty_cluster_score,42,126,0.7056878306878307,0.1754909322269587,stage1_review_budget_monuseg_point_seed42
MoNuSeg,point_seed42,high_lecr_boundary_ge_q0.75,topology_risk_score,42,126,0.7145691609977325,0.1748321631252622,stage1_review_budget_monuseg_point_seed42
MoNuSeg,point_seed42,high_lecr_boundary_ge_q0.75,sfrm_composite_score,42,126,0.7777777777777778,0.1624561199858563,stage1_review_budget_monuseg_point_seed42
MoNuSeg,point_seed42,high_lecr_boundary_ge_q0.75,sfrm_balanced_score,42,126,0.6839569160997732,0.1797232485215017,stage1_review_budget_monuseg_point_seed42
MoNuSeg,point_seed42,high_lecr_uncertainty_ge_q0.75,global_mean_entropy,42,126,0.9986772486772488,0.9961867550130692,stage1_review_budget_monuseg_point_seed42
MoNuSeg,point_seed42,high_lecr_uncertainty_ge_q0.75,global_max_entropy,42,126,0.5020786092214664,0.2524763207484061,stage1_review_budget_monuseg_point_seed42
MoNuSeg,point_seed42,high_lecr_uncertainty_ge_q0.75,global_mean_margin_uncertainty,42,126,0.9998110355253212,0.9994462901439646,stage1_review_budget_monuseg_point_seed42
MoNuSeg,point_seed42,high_lecr_uncertainty_ge_q0.75,foreground_area_frac,42,126,0.9996220710506424,0.9989177489177488,stage1_review_budget_monuseg_point_seed42
MoNuSeg,point_seed42,high_lecr_uncertainty_ge_q0.75,boundary_risk_score,42,126,0.539021164021164,0.237472828622449,stage1_review_budget_monuseg_point_seed42
MoNuSeg,point_seed42,high_lecr_uncertainty_ge_q0.75,boundary_overconfidence_score,42,126,0.5078420256991686,0.2554600186902361,stage1_review_budget_monuseg_point_seed42
MoNuSeg,point_seed42,high_lecr_uncertainty_ge_q0.75,boundary_abnormality_score,42,126,0.5359977324263039,0.2786661340531623,stage1_review_budget_monuseg_point_seed42
MoNuSeg,point_seed42,high_lecr_uncertainty_ge_q0.75,boundary_dual_risk_score,42,126,0.5254157218442933,0.2595198430500253,stage1_review_budget_monuseg_point_seed42
MoNuSeg,point_seed42,high_lecr_uncertainty_ge_q0.75,uncertainty_cluster_score,42,126,0.994520030234316,0.9847407198234726,stage1_review_budget_monuseg_point_seed42
MoNuSeg,point_seed42,high_lecr_uncertainty_ge_q0.75,topology_risk_score,42,126,0.9843159486016628,0.957334022112898,stage1_review_budget_monuseg_point_seed42
MoNuSeg,point_seed42,high_lecr_uncertainty_ge_q0.75,sfrm_composite_score,42,126,0.9896069538926682,0.9748269095936256,stage1_review_budget_monuseg_point_seed42
MoNuSeg,point_seed42,high_lecr_uncertainty_ge_q0.75,sfrm_balanced_score,42,126,0.9754346182917611,0.9157017078944638,stage1_review_budget_monuseg_point_seed42
MoNuSeg,point_seed42,gray_high_dice_high_boundary_error,global_mean_entropy,8,160,0.7593749999999999,0.0976232968732233,stage1_review_budget_monuseg_point_seed42
MoNuSeg,point_seed42,gray_high_dice_high_boundary_error,global_max_entropy,8,160,0.81171875,0.0317638900065995,stage1_review_budget_monuseg_point_seed42
MoNuSeg,point_seed42,gray_high_dice_high_boundary_error,global_mean_margin_uncertainty,8,160,0.75546875,0.096207928832718,stage1_review_budget_monuseg_point_seed42
MoNuSeg,point_seed42,gray_high_dice_high_boundary_error,foreground_area_frac,8,160,0.74921875,0.09604554922902,stage1_review_budget_monuseg_point_seed42
MoNuSeg,point_seed42,gray_high_dice_high_boundary_error,boundary_risk_score,8,160,0.868359375,0.0294853852171651,stage1_review_budget_monuseg_point_seed42
MoNuSeg,point_seed42,gray_high_dice_high_boundary_error,boundary_overconfidence_score,8,160,0.89765625,0.4731000481000481,stage1_review_budget_monuseg_point_seed42
MoNuSeg,point_seed42,gray_high_dice_high_boundary_error,boundary_abnormality_score,8,160,0.5421875,0.0825615777989223,stage1_review_budget_monuseg_point_seed42
MoNuSeg,point_seed42,gray_high_dice_high_boundary_error,boundary_dual_risk_score,8,160,0.7902343749999999,0.377951203742343,stage1_review_budget_monuseg_point_seed42
MoNuSeg,point_seed42,gray_high_dice_high_boundary_error,uncertainty_cluster_score,8,160,0.6921875,0.0821127093927653,stage1_review_budget_monuseg_point_seed42
MoNuSeg,point_seed42,gray_high_dice_high_boundary_error,topology_risk_score,8,160,0.643359375,0.0727952633593296,stage1_review_budget_monuseg_point_seed42
MoNuSeg,point_seed42,gray_high_dice_high_boundary_error,sfrm_composite_score,8,160,0.5921875000000001,0.0625965807362425,stage1_review_budget_monuseg_point_seed42
MoNuSeg,point_seed42,gray_high_dice_high_boundary_error,sfrm_balanced_score,8,160,0.7531249999999999,0.1091472274865509,stage1_review_budget_monuseg_point_seed42
MoNuSeg,prototype_seed42,bad_dice_lt_0.65,global_mean_entropy,31,137,0.583941605839416,0.1762666733616809,stage1_review_budget_monuseg_proto_seed42
MoNuSeg,prototype_seed42,bad_dice_lt_0.65,global_max_entropy,31,137,0.5540381445726394,0.1666957967933258,stage1_review_budget_monuseg_proto_seed42
MoNuSeg,prototype_seed42,bad_dice_lt_0.65,global_mean_margin_uncertainty,31,137,0.6632917353425948,0.1441008141613866,stage1_review_budget_monuseg_proto_seed42
MoNuSeg,prototype_seed42,bad_dice_lt_0.65,foreground_area_frac,31,137,0.9192371085472096,0.1056532537806831,stage1_review_budget_monuseg_proto_seed42
MoNuSeg,prototype_seed42,bad_dice_lt_0.65,boundary_risk_score,31,137,0.9709206498704968,0.904165928014708,stage1_review_budget_monuseg_proto_seed42
MoNuSeg,prototype_seed42,bad_dice_lt_0.65,boundary_overconfidence_score,31,137,0.9761007770190724,0.1030114060349868,stage1_review_budget_monuseg_proto_seed42
MoNuSeg,prototype_seed42,bad_dice_lt_0.65,boundary_abnormality_score,31,137,0.9509065222510008,0.8969057448606436,stage1_review_budget_monuseg_proto_seed42
MoNuSeg,prototype_seed42,bad_dice_lt_0.65,boundary_dual_risk_score,31,137,0.8465975983046857,0.6717677406287996,stage1_review_budget_monuseg_proto_seed42
MoNuSeg,prototype_seed42,bad_dice_lt_0.65,uncertainty_cluster_score,31,137,0.6562279255945374,0.1440423729130345,stage1_review_budget_monuseg_proto_seed42
MoNuSeg,prototype_seed42,bad_dice_lt_0.65,topology_risk_score,31,137,0.5522721921356251,0.1611333888565001,stage1_review_budget_monuseg_proto_seed42
MoNuSeg,prototype_seed42,bad_dice_lt_0.65,sfrm_composite_score,31,137,0.5827643042147399,0.2243186712318509,stage1_review_budget_monuseg_proto_seed42
MoNuSeg,prototype_seed42,bad_dice_lt_0.65,sfrm_balanced_score,31,137,0.5264892865552154,0.193704892367592,stage1_review_budget_monuseg_proto_seed42
MoNuSeg,prototype_seed42,low_boundary_dice_le_q25,global_mean_entropy,42,126,0.655328798185941,0.1995427677994915,stage1_review_budget_monuseg_proto_seed42
MoNuSeg,prototype_seed42,low_boundary_dice_le_q25,global_max_entropy,42,126,0.5028344671201813,0.2401526536515233,stage1_review_budget_monuseg_proto_seed42
MoNuSeg,prototype_seed42,low_boundary_dice_le_q25,global_mean_margin_uncertainty,42,126,0.7328042328042328,0.1734031711824329,stage1_review_budget_monuseg_proto_seed42
MoNuSeg,prototype_seed42,low_boundary_dice_le_q25,foreground_area_frac,42,126,0.8907785336356765,0.1469364324151609,stage1_review_budget_monuseg_proto_seed42
MoNuSeg,prototype_seed42,low_boundary_dice_le_q25,boundary_risk_score,42,126,0.8934240362811791,0.8220556819077148,stage1_review_budget_monuseg_proto_seed42
MoNuSeg,prototype_seed42,low_boundary_dice_le_q25,boundary_overconfidence_score,42,126,0.9290438397581254,0.1438605689556218,stage1_review_budget_monuseg_proto_seed42
MoNuSeg,prototype_seed42,low_boundary_dice_le_q25,boundary_abnormality_score,42,126,0.8201058201058201,0.8222462112114314,stage1_review_budget_monuseg_proto_seed42
MoNuSeg,prototype_seed42,low_boundary_dice_le_q25,boundary_dual_risk_score,42,126,0.7118291761148904,0.6049668717612453,stage1_review_budget_monuseg_proto_seed42
MoNuSeg,prototype_seed42,low_boundary_dice_le_q25,uncertainty_cluster_score,42,126,0.7290249433106576,0.1731603446516882,stage1_review_budget_monuseg_proto_seed42
MoNuSeg,prototype_seed42,low_boundary_dice_le_q25,topology_risk_score,42,126,0.6555177626606198,0.1874354558973192,stage1_review_budget_monuseg_proto_seed42
MoNuSeg,prototype_seed42,low_boundary_dice_le_q25,sfrm_composite_score,42,126,0.5334467120181406,0.2338693781858383,stage1_review_budget_monuseg_proto_seed42
MoNuSeg,prototype_seed42,low_boundary_dice_le_q25,sfrm_balanced_score,42,126,0.611111111111111,0.2052786489430322,stage1_review_budget_monuseg_proto_seed42
MoNuSeg,prototype_seed42,high_error_ge_q0.75,global_mean_entropy,42,126,0.737339380196523,0.5136050989783977,stage1_review_budget_monuseg_proto_seed42
MoNuSeg,prototype_seed42,high_error_ge_q0.75,global_max_entropy,42,126,0.7660619803476947,0.1644609331665518,stage1_review_budget_monuseg_proto_seed42
MoNuSeg,prototype_seed42,high_error_ge_q0.75,global_mean_margin_uncertainty,42,126,0.7617157974300832,0.5903157876094032,stage1_review_budget_monuseg_proto_seed42
MoNuSeg,prototype_seed42,high_error_ge_q0.75,foreground_area_frac,42,126,0.6717687074829932,0.641092789789953,stage1_review_budget_monuseg_proto_seed42
MoNuSeg,prototype_seed42,high_error_ge_q0.75,boundary_risk_score,42,126,0.581254724111867,0.4472456695410606,stage1_review_budget_monuseg_proto_seed42
MoNuSeg,prototype_seed42,high_error_ge_q0.75,boundary_overconfidence_score,42,126,0.5105820105820106,0.29558979565603,stage1_review_budget_monuseg_proto_seed42
MoNuSeg,prototype_seed42,high_error_ge_q0.75,boundary_abnormality_score,42,126,0.6101662887377174,0.3982004784061416,stage1_review_budget_monuseg_proto_seed42
MoNuSeg,prototype_seed42,high_error_ge_q0.75,boundary_dual_risk_score,42,126,0.6726190476190476,0.4350855157427082,stage1_review_budget_monuseg_proto_seed42
MoNuSeg,prototype_seed42,high_error_ge_q0.75,uncertainty_cluster_score,42,126,0.7054043839758126,0.5010857303489581,stage1_review_budget_monuseg_proto_seed42
MoNuSeg,prototype_seed42,high_error_ge_q0.75,topology_risk_score,42,126,0.80489417989418,0.6428263760330727,stage1_review_budget_monuseg_proto_seed42
MoNuSeg,prototype_seed42,high_error_ge_q0.75,sfrm_composite_score,42,126,0.7828798185941043,0.5596875243186819,stage1_review_budget_monuseg_proto_seed42
MoNuSeg,prototype_seed42,high_error_ge_q0.75,sfrm_balanced_score,42,126,0.8134920634920636,0.640861727251517,stage1_review_budget_monuseg_proto_seed42
MoNuSeg,prototype_seed42,high_boundary_error_ge_q0.75,global_mean_entropy,42,126,0.8747165532879819,0.6757999810147207,stage1_review_budget_monuseg_proto_seed42
MoNuSeg,prototype_seed42,high_boundary_error_ge_q0.75,global_max_entropy,42,126,0.7911942554799698,0.1612703418383536,stage1_review_budget_monuseg_proto_seed42
MoNuSeg,prototype_seed42,high_boundary_error_ge_q0.75,global_mean_margin_uncertainty,42,126,0.9168556311413454,0.807482513387592,stage1_review_budget_monuseg_proto_seed42
MoNuSeg,prototype_seed42,high_boundary_error_ge_q0.75,foreground_area_frac,42,126,0.8297430083144368,0.7938634957294664,stage1_review_budget_monuseg_proto_seed42
MoNuSeg,prototype_seed42,high_boundary_error_ge_q0.75,boundary_risk_score,42,126,0.5205971277399848,0.3090001711427923,stage1_review_budget_monuseg_proto_seed42
MoNuSeg,prototype_seed42,high_boundary_error_ge_q0.75,boundary_overconfidence_score,42,126,0.6474867724867724,0.3588170611161991,stage1_review_budget_monuseg_proto_seed42
MoNuSeg,prototype_seed42,high_boundary_error_ge_q0.75,boundary_abnormality_score,42,126,0.517384731670446,0.2490472201878301,stage1_review_budget_monuseg_proto_seed42
MoNuSeg,prototype_seed42,high_boundary_error_ge_q0.75,boundary_dual_risk_score,42,126,0.6000566893424036,0.2912966130150928,stage1_review_budget_monuseg_proto_seed42
MoNuSeg,prototype_seed42,high_boundary_error_ge_q0.75,uncertainty_cluster_score,42,126,0.842687074829932,0.6862653769802479,stage1_review_budget_monuseg_proto_seed42
MoNuSeg,prototype_seed42,high_boundary_error_ge_q0.75,topology_risk_score,42,126,0.8886999244142101,0.781486438070063,stage1_review_budget_monuseg_proto_seed42
MoNuSeg,prototype_seed42,high_boundary_error_ge_q0.75,sfrm_composite_score,42,126,0.8613945578231292,0.6668612104291958,stage1_review_budget_monuseg_proto_seed42
MoNuSeg,prototype_seed42,high_boundary_error_ge_q0.75,sfrm_balanced_score,42,126,0.9038170823885108,0.7956010540060758,stage1_review_budget_monuseg_proto_seed42
MoNuSeg,prototype_seed42,high_lecr_boundary_ge_q0.75,global_mean_entropy,42,126,0.5137944066515495,0.2934308949993954,stage1_review_budget_monuseg_proto_seed42
MoNuSeg,prototype_seed42,high_lecr_boundary_ge_q0.75,global_max_entropy,42,126,0.6479591836734694,0.4769463192191045,stage1_review_budget_monuseg_proto_seed42
MoNuSeg,prototype_seed42,high_lecr_boundary_ge_q0.75,global_mean_margin_uncertainty,42,126,0.522108843537415,0.3220817316771805,stage1_review_budget_monuseg_proto_seed42
MoNuSeg,prototype_seed42,high_lecr_boundary_ge_q0.75,foreground_area_frac,42,126,0.5445956160241874,0.3536758445697348,stage1_review_budget_monuseg_proto_seed42
MoNuSeg,prototype_seed42,high_lecr_boundary_ge_q0.75,boundary_risk_score,42,126,0.7072940287226002,0.1764972374755216,stage1_review_budget_monuseg_proto_seed42
MoNuSeg,prototype_seed42,high_lecr_boundary_ge_q0.75,boundary_overconfidence_score,42,126,0.6863189720332578,0.4559399094792946,stage1_review_budget_monuseg_proto_seed42
MoNuSeg,prototype_seed42,high_lecr_boundary_ge_q0.75,boundary_abnormality_score,42,126,0.5281557067271353,0.2236883087103202,stage1_review_budget_monuseg_proto_seed42
MoNuSeg,prototype_seed42,high_lecr_boundary_ge_q0.75,boundary_dual_risk_score,42,126,0.5008503401360545,0.2447882621024024,stage1_review_budget_monuseg_proto_seed42
MoNuSeg,prototype_seed42,high_lecr_boundary_ge_q0.75,uncertainty_cluster_score,42,126,0.611583522297808,0.3466673901645098,stage1_review_budget_monuseg_proto_seed42
MoNuSeg,prototype_seed42,high_lecr_boundary_ge_q0.75,topology_risk_score,42,126,0.5901360544217686,0.2956588141465683,stage1_review_budget_monuseg_proto_seed42
MoNuSeg,prototype_seed42,high_lecr_boundary_ge_q0.75,sfrm_composite_score,42,126,0.5554610733182161,0.2583854047849669,stage1_review_budget_monuseg_proto_seed42
MoNuSeg,prototype_seed42,high_lecr_boundary_ge_q0.75,sfrm_balanced_score,42,126,0.5188964474678761,0.3366876597718548,stage1_review_budget_monuseg_proto_seed42
MoNuSeg,prototype_seed42,high_lecr_uncertainty_ge_q0.75,global_mean_entropy,42,126,0.6740362811791384,0.3934176283850911,stage1_review_budget_monuseg_proto_seed42
MoNuSeg,prototype_seed42,high_lecr_uncertainty_ge_q0.75,global_max_entropy,42,126,0.7603930461073318,0.1654239961725511,stage1_review_budget_monuseg_proto_seed42
MoNuSeg,prototype_seed42,high_lecr_uncertainty_ge_q0.75,global_mean_margin_uncertainty,42,126,0.6829176114890402,0.415315003488418,stage1_review_budget_monuseg_proto_seed42
MoNuSeg,prototype_seed42,high_lecr_uncertainty_ge_q0.75,foreground_area_frac,42,126,0.638888888888889,0.489585037821361,stage1_review_budget_monuseg_proto_seed42
MoNuSeg,prototype_seed42,high_lecr_uncertainty_ge_q0.75,boundary_risk_score,42,126,0.5980725623582767,0.4517718823882959,stage1_review_budget_monuseg_proto_seed42
MoNuSeg,prototype_seed42,high_lecr_uncertainty_ge_q0.75,boundary_overconfidence_score,42,126,0.5276832955404384,0.2443880553096679,stage1_review_budget_monuseg_proto_seed42
MoNuSeg,prototype_seed42,high_lecr_uncertainty_ge_q0.75,boundary_abnormality_score,42,126,0.5495086923658352,0.350168861836873,stage1_review_budget_monuseg_proto_seed42
MoNuSeg,prototype_seed42,high_lecr_uncertainty_ge_q0.75,boundary_dual_risk_score,42,126,0.600151171579743,0.3579328448738673,stage1_review_budget_monuseg_proto_seed42
MoNuSeg,prototype_seed42,high_lecr_uncertainty_ge_q0.75,uncertainty_cluster_score,42,126,0.5852229780801209,0.3838084738011227,stage1_review_budget_monuseg_proto_seed42
MoNuSeg,prototype_seed42,high_lecr_uncertainty_ge_q0.75,topology_risk_score,42,126,0.7292139077853363,0.46969660612553,stage1_review_budget_monuseg_proto_seed42
MoNuSeg,prototype_seed42,high_lecr_uncertainty_ge_q0.75,sfrm_composite_score,42,126,0.6819727891156462,0.4690798746537752,stage1_review_budget_monuseg_proto_seed42
MoNuSeg,prototype_seed42,high_lecr_uncertainty_ge_q0.75,sfrm_balanced_score,42,126,0.6902872260015117,0.460767992601908,stage1_review_budget_monuseg_proto_seed42
MoNuSeg,prototype_seed42,gray_high_dice_high_boundary_error,global_mean_entropy,20,148,0.9003378378378378,0.5389282816516688,stage1_review_budget_monuseg_proto_seed42
MoNuSeg,prototype_seed42,gray_high_dice_high_boundary_error,global_max_entropy,20,148,0.7476351351351351,0.0805146962451585,stage1_review_budget_monuseg_proto_seed42
MoNuSeg,prototype_seed42,gray_high_dice_high_boundary_error,global_mean_margin_uncertainty,20,148,0.9675675675675676,0.8141169326444762,stage1_review_budget_monuseg_proto_seed42
MoNuSeg,prototype_seed42,gray_high_dice_high_boundary_error,foreground_area_frac,20,148,0.960472972972973,0.8621056538174358,stage1_review_budget_monuseg_proto_seed42
MoNuSeg,prototype_seed42,gray_high_dice_high_boundary_error,boundary_risk_score,20,148,0.6819256756756757,0.0871576296518734,stage1_review_budget_monuseg_proto_seed42
MoNuSeg,prototype_seed42,gray_high_dice_high_boundary_error,boundary_overconfidence_score,20,148,0.8155405405405405,0.2814394156915568,stage1_review_budget_monuseg_proto_seed42
MoNuSeg,prototype_seed42,gray_high_dice_high_boundary_error,boundary_abnormality_score,20,148,0.5427364864864864,0.1052630329111329,stage1_review_budget_monuseg_proto_seed42
MoNuSeg,prototype_seed42,gray_high_dice_high_boundary_error,boundary_dual_risk_score,20,148,0.6125,0.1444114599550132,stage1_review_budget_monuseg_proto_seed42
MoNuSeg,prototype_seed42,gray_high_dice_high_boundary_error,uncertainty_cluster_score,20,148,0.9116554054054056,0.6298808662153963,stage1_review_budget_monuseg_proto_seed42
MoNuSeg,prototype_seed42,gray_high_dice_high_boundary_error,topology_risk_score,20,148,0.9135135135135136,0.7855614373549157,stage1_review_budget_monuseg_proto_seed42
MoNuSeg,prototype_seed42,gray_high_dice_high_boundary_error,sfrm_composite_score,20,148,0.8670608108108109,0.4504007031263373,stage1_review_budget_monuseg_proto_seed42
MoNuSeg,prototype_seed42,gray_high_dice_high_boundary_error,sfrm_balanced_score,20,148,0.9493243243243245,0.8157241520334236,stage1_review_budget_monuseg_proto_seed42
CoNSeP,point_seed42,bad_dice_lt_0.65,global_mean_entropy,255,249,0.7111268603827072,0.3774933809280081,stage1_review_budget_consep_grid_point_seed42
CoNSeP,point_seed42,bad_dice_lt_0.65,global_max_entropy,255,249,0.7007165918576266,0.7043978350020257,stage1_review_budget_consep_grid_point_seed42
CoNSeP,point_seed42,bad_dice_lt_0.65,global_mean_margin_uncertainty,255,249,0.709425939050319,0.3785379815074513,stage1_review_budget_consep_grid_point_seed42
CoNSeP,point_seed42,bad_dice_lt_0.65,foreground_area_frac,255,249,0.7676667454130246,0.3599506714930426,stage1_review_budget_consep_grid_point_seed42
CoNSeP,point_seed42,bad_dice_lt_0.65,boundary_risk_score,255,249,0.5078195133475077,0.5526848345170323,stage1_review_budget_consep_grid_point_seed42
CoNSeP,point_seed42,bad_dice_lt_0.65,boundary_overconfidence_score,255,249,0.6150169304669659,0.4304039015865492,stage1_review_budget_consep_grid_point_seed42
CoNSeP,point_seed42,bad_dice_lt_0.65,boundary_abnormality_score,255,249,0.6204976769824395,0.6225859074321061,stage1_review_budget_consep_grid_point_seed42
CoNSeP,point_seed42,bad_dice_lt_0.65,boundary_dual_risk_score,255,249,0.5440270887471454,0.5611458986735639,stage1_review_budget_consep_grid_point_seed42
CoNSeP,point_seed42,bad_dice_lt_0.65,uncertainty_cluster_score,255,249,0.6249310969367666,0.4219842176091807,stage1_review_budget_consep_grid_point_seed42
CoNSeP,point_seed42,bad_dice_lt_0.65,topology_risk_score,255,249,0.6650051185132687,0.4003280524525476,stage1_review_budget_consep_grid_point_seed42
CoNSeP,point_seed42,bad_dice_lt_0.65,sfrm_composite_score,255,249,0.6227419481848965,0.4454841670121329,stage1_review_budget_consep_grid_point_seed42
CoNSeP,point_seed42,bad_dice_lt_0.65,sfrm_balanced_score,255,249,0.6388770769351917,0.4357497823304338,stage1_review_budget_consep_grid_point_seed42
CoNSeP,point_seed42,low_boundary_dice_le_q25,global_mean_entropy,126,378,0.7207734945830184,0.1707857687539202,stage1_review_budget_consep_grid_point_seed42
CoNSeP,point_seed42,low_boundary_dice_le_q25,global_max_entropy,126,378,0.5825564793818762,0.4215099699690517,stage1_review_budget_consep_grid_point_seed42
CoNSeP,point_seed42,low_boundary_dice_le_q25,global_mean_margin_uncertainty,126,378,0.7215503485344755,0.1707188774642942,stage1_review_budget_consep_grid_point_seed42
CoNSeP,point_seed42,low_boundary_dice_le_q25,foreground_area_frac,126,378,0.732342319643907,0.1767674243009323,stage1_review_budget_consep_grid_point_seed42
CoNSeP,point_seed42,low_boundary_dice_le_q25,boundary_risk_score,126,378,0.5223188040648359,0.2533783475717988,stage1_review_budget_consep_grid_point_seed42
CoNSeP,point_seed42,low_boundary_dice_le_q25,boundary_overconfidence_score,126,378,0.5729612832787436,0.2314238559777303,stage1_review_budget_consep_grid_point_seed42
CoNSeP,point_seed42,low_boundary_dice_le_q25,boundary_abnormality_score,126,378,0.6644095909968926,0.414671240516775,stage1_review_budget_consep_grid_point_seed42
CoNSeP,point_seed42,low_boundary_dice_le_q25,boundary_dual_risk_score,126,378,0.6079092130679432,0.3755458562214366,stage1_review_budget_consep_grid_point_seed42
CoNSeP,point_seed42,low_boundary_dice_le_q25,uncertainty_cluster_score,126,378,0.6038254808096077,0.2062083073628028,stage1_review_budget_consep_grid_point_seed42
CoNSeP,point_seed42,low_boundary_dice_le_q25,topology_risk_score,126,378,0.6039724531788024,0.2010805683044886,stage1_review_budget_consep_grid_point_seed42
CoNSeP,point_seed42,low_boundary_dice_le_q25,sfrm_composite_score,126,378,0.5977366255144033,0.2143446104752943,stage1_review_budget_consep_grid_point_seed42
CoNSeP,point_seed42,low_boundary_dice_le_q25,sfrm_balanced_score,126,378,0.5650772654740909,0.2272742883227148,stage1_review_budget_consep_grid_point_seed42
CoNSeP,point_seed42,high_error_ge_q0.75,global_mean_entropy,126,378,0.9251070798689848,0.7543389521059403,stage1_review_budget_consep_grid_point_seed42
CoNSeP,point_seed42,high_error_ge_q0.75,global_max_entropy,126,378,0.5319349962207105,0.226876571581108,stage1_review_budget_consep_grid_point_seed42
CoNSeP,point_seed42,high_error_ge_q0.75,global_mean_margin_uncertainty,126,378,0.9272906693541614,0.7464756926644458,stage1_review_budget_consep_grid_point_seed42
CoNSeP,point_seed42,high_error_ge_q0.75,foreground_area_frac,126,378,0.8622239019064416,0.7026092149187844,stage1_review_budget_consep_grid_point_seed42
CoNSeP,point_seed42,high_error_ge_q0.75,boundary_risk_score,126,378,0.7499580078945158,0.5140924101612431,stage1_review_budget_consep_grid_point_seed42
CoNSeP,point_seed42,high_error_ge_q0.75,boundary_overconfidence_score,126,378,0.5766985806668347,0.2141613836309253,stage1_review_budget_consep_grid_point_seed42
CoNSeP,point_seed42,high_error_ge_q0.75,boundary_abnormality_score,126,378,0.5886243386243386,0.2015212414976271,stage1_review_budget_consep_grid_point_seed42
CoNSeP,point_seed42,high_error_ge_q0.75,boundary_dual_risk_score,126,378,0.513426975728563,0.2231448511931857,stage1_review_budget_consep_grid_point_seed42
CoNSeP,point_seed42,high_error_ge_q0.75,uncertainty_cluster_score,126,378,0.919511631813219,0.8010534164260816,stage1_review_budget_consep_grid_point_seed42
CoNSeP,point_seed42,high_error_ge_q0.75,topology_risk_score,126,378,0.9002687494750987,0.7049182665545141,stage1_review_budget_consep_grid_point_seed42
CoNSeP,point_seed42,high_error_ge_q0.75,sfrm_composite_score,126,378,0.9395418661291676,0.8275495201670799,stage1_review_budget_consep_grid_point_seed42
CoNSeP,point_seed42,high_error_ge_q0.75,sfrm_balanced_score,126,378,0.9141366423112456,0.7899263950176947,stage1_review_budget_consep_grid_point_seed42
CoNSeP,point_seed42,high_boundary_error_ge_q0.75,global_mean_entropy,126,378,0.967246157722348,0.9059943705435156,stage1_review_budget_consep_grid_point_seed42
CoNSeP,point_seed42,high_boundary_error_ge_q0.75,global_max_entropy,126,378,0.6015579071134627,0.2043733134822404,stage1_review_budget_consep_grid_point_seed42
CoNSeP,point_seed42,high_boundary_error_ge_q0.75,global_mean_margin_uncertainty,126,378,0.9713823801125387,0.9185373090330028,stage1_review_budget_consep_grid_point_seed42
CoNSeP,point_seed42,high_boundary_error_ge_q0.75,foreground_area_frac,126,378,0.9359200470311582,0.8680679143580243,stage1_review_budget_consep_grid_point_seed42
CoNSeP,point_seed42,high_boundary_error_ge_q0.75,boundary_risk_score,126,378,0.6797052154195012,0.4526498111040495,stage1_review_budget_consep_grid_point_seed42
CoNSeP,point_seed42,high_boundary_error_ge_q0.75,boundary_overconfidence_score,126,378,0.5306017468715881,0.2761576849656718,stage1_review_budget_consep_grid_point_seed42
CoNSeP,point_seed42,high_boundary_error_ge_q0.75,boundary_abnormality_score,126,378,0.5992273452590913,0.198258040969996,stage1_review_budget_consep_grid_point_seed42
CoNSeP,point_seed42,high_boundary_error_ge_q0.75,boundary_dual_risk_score,126,378,0.515904509952129,0.2360729374740829,stage1_review_budget_consep_grid_point_seed42
CoNSeP,point_seed42,high_boundary_error_ge_q0.75,uncertainty_cluster_score,126,378,0.9703430755018057,0.933022858852665,stage1_review_budget_consep_grid_point_seed42
CoNSeP,point_seed42,high_boundary_error_ge_q0.75,topology_risk_score,126,378,0.9367598891408416,0.8383920219109807,stage1_review_budget_consep_grid_point_seed42
CoNSeP,point_seed42,high_boundary_error_ge_q0.75,sfrm_composite_score,126,378,0.9584278155706728,0.8910369579604924,stage1_review_budget_consep_grid_point_seed42
CoNSeP,point_seed42,high_boundary_error_ge_q0.75,sfrm_balanced_score,126,378,0.970668514319308,0.9295168302701626,stage1_review_budget_consep_grid_point_seed42
CoNSeP,point_seed42,high_lecr_boundary_ge_q0.75,global_mean_entropy,126,378,0.5553245989753927,0.2813034151924254,stage1_review_budget_consep_grid_point_seed42
CoNSeP,point_seed42,high_lecr_boundary_ge_q0.75,global_max_entropy,126,378,0.5026245065927606,0.2484501500274411,stage1_review_budget_consep_grid_point_seed42
CoNSeP,point_seed42,high_lecr_boundary_ge_q0.75,global_mean_margin_uncertainty,126,378,0.554148820021836,0.2896191851800418,stage1_review_budget_consep_grid_point_seed42
CoNSeP,point_seed42,high_lecr_boundary_ge_q0.75,foreground_area_frac,126,378,0.5039052658100277,0.3029006383954211,stage1_review_budget_consep_grid_point_seed42
CoNSeP,point_seed42,high_lecr_boundary_ge_q0.75,boundary_risk_score,126,378,0.6977513227513228,0.1734049671684857,stage1_review_budget_consep_grid_point_seed42
CoNSeP,point_seed42,high_lecr_boundary_ge_q0.75,boundary_overconfidence_score,126,378,0.7047220122616947,0.3889058626120845,stage1_review_budget_consep_grid_point_seed42
CoNSeP,point_seed42,high_lecr_boundary_ge_q0.75,boundary_abnormality_score,126,378,0.5077790375409423,0.2648218015569794,stage1_review_budget_consep_grid_point_seed42
CoNSeP,point_seed42,high_lecr_boundary_ge_q0.75,boundary_dual_risk_score,126,378,0.5576131687242798,0.2872852868989183,stage1_review_budget_consep_grid_point_seed42
CoNSeP,point_seed42,high_lecr_boundary_ge_q0.75,uncertainty_cluster_score,126,378,0.5216154362979759,0.2850312072562407,stage1_review_budget_consep_grid_point_seed42
CoNSeP,point_seed42,high_lecr_boundary_ge_q0.75,topology_risk_score,126,378,0.605641639371798,0.252121828624081,stage1_review_budget_consep_grid_point_seed42
CoNSeP,point_seed42,high_lecr_boundary_ge_q0.75,sfrm_composite_score,126,378,0.5982405307802133,0.2134573197955021,stage1_review_budget_consep_grid_point_seed42
CoNSeP,point_seed42,high_lecr_boundary_ge_q0.75,sfrm_balanced_score,126,378,0.5130595448055766,0.2484435470273203,stage1_review_budget_consep_grid_point_seed42
CoNSeP,point_seed42,high_lecr_uncertainty_ge_q0.75,global_mean_entropy,126,378,0.8785588309397834,0.6272244467994639,stage1_review_budget_consep_grid_point_seed42
CoNSeP,point_seed42,high_lecr_uncertainty_ge_q0.75,global_max_entropy,126,378,0.5304442764760225,0.2302274585157997,stage1_review_budget_consep_grid_point_seed42
CoNSeP,point_seed42,high_lecr_uncertainty_ge_q0.75,global_mean_margin_uncertainty,126,378,0.8807424204249601,0.61012246719238,stage1_review_budget_consep_grid_point_seed42
CoNSeP,point_seed42,high_lecr_uncertainty_ge_q0.75,foreground_area_frac,126,378,0.8104686318972033,0.6054568425308396,stage1_review_budget_consep_grid_point_seed42
CoNSeP,point_seed42,high_lecr_uncertainty_ge_q0.75,boundary_risk_score,126,378,0.775825144872764,0.5514167895983134,stage1_review_budget_consep_grid_point_seed42
CoNSeP,point_seed42,high_lecr_uncertainty_ge_q0.75,boundary_overconfidence_score,126,378,0.6300705467372134,0.1978814943840213,stage1_review_budget_consep_grid_point_seed42
CoNSeP,point_seed42,high_lecr_uncertainty_ge_q0.75,boundary_abnormality_score,126,378,0.59095490047871,0.2020120359986747,stage1_review_budget_consep_grid_point_seed42
CoNSeP,point_seed42,high_lecr_uncertainty_ge_q0.75,boundary_dual_risk_score,126,378,0.5243239271017048,0.2202749337003453,stage1_review_budget_consep_grid_point_seed42
CoNSeP,point_seed42,high_lecr_uncertainty_ge_q0.75,uncertainty_cluster_score,126,378,0.8735407743344251,0.6390458796093154,stage1_review_budget_consep_grid_point_seed42
CoNSeP,point_seed42,high_lecr_uncertainty_ge_q0.75,topology_risk_score,126,378,0.8514739229024945,0.5635564512899187,stage1_review_budget_consep_grid_point_seed42
CoNSeP,point_seed42,high_lecr_uncertainty_ge_q0.75,sfrm_composite_score,126,378,0.9071659528008734,0.7324231968457242,stage1_review_budget_consep_grid_point_seed42
CoNSeP,point_seed42,high_lecr_uncertainty_ge_q0.75,sfrm_balanced_score,126,378,0.8613105736121609,0.6535043820206642,stage1_review_budget_consep_grid_point_seed42
CoNSeP,point_seed42,gray_high_dice_high_boundary_error,global_mean_entropy,84,420,0.9575396825396826,0.8405143682513071,stage1_review_budget_consep_grid_point_seed42
CoNSeP,point_seed42,gray_high_dice_high_boundary_error,global_max_entropy,84,420,0.6757653061224489,0.1170867069157294,stage1_review_budget_consep_grid_point_seed42
CoNSeP,point_seed42,gray_high_dice_high_boundary_error,global_mean_margin_uncertainty,84,420,0.9574829931972788,0.8310344782435244,stage1_review_budget_consep_grid_point_seed42
CoNSeP,point_seed42,gray_high_dice_high_boundary_error,foreground_area_frac,84,420,0.9668367346938777,0.8127109596997352,stage1_review_budget_consep_grid_point_seed42
CoNSeP,point_seed42,gray_high_dice_high_boundary_error,boundary_risk_score,84,420,0.63156179138322,0.2168295147568523,stage1_review_budget_consep_grid_point_seed42
CoNSeP,point_seed42,gray_high_dice_high_boundary_error,boundary_overconfidence_score,84,420,0.5822137188208617,0.2019668181175831,stage1_review_budget_consep_grid_point_seed42
CoNSeP,point_seed42,gray_high_dice_high_boundary_error,boundary_abnormality_score,84,420,0.6149943310657595,0.1268273794515999,stage1_review_budget_consep_grid_point_seed42
CoNSeP,point_seed42,gray_high_dice_high_boundary_error,boundary_dual_risk_score,84,420,0.5189058956916099,0.1473976989566744,stage1_review_budget_consep_grid_point_seed42
CoNSeP,point_seed42,gray_high_dice_high_boundary_error,uncertainty_cluster_score,84,420,0.9356150793650794,0.6494666237035097,stage1_review_budget_consep_grid_point_seed42
CoNSeP,point_seed42,gray_high_dice_high_boundary_error,topology_risk_score,84,420,0.911890589569161,0.6412907058027746,stage1_review_budget_consep_grid_point_seed42
CoNSeP,point_seed42,gray_high_dice_high_boundary_error,sfrm_composite_score,84,420,0.917828798185941,0.5572903408124253,stage1_review_budget_consep_grid_point_seed42
CoNSeP,point_seed42,gray_high_dice_high_boundary_error,sfrm_balanced_score,84,420,0.9324546485260772,0.5884145234690626,stage1_review_budget_consep_grid_point_seed42
CoNSeP,prototype_seed42,bad_dice_lt_0.65,global_mean_entropy,199,305,0.7547409177032705,0.2708483334955824,stage1_review_budget_consep_grid_proto_seed42
CoNSeP,prototype_seed42,bad_dice_lt_0.65,global_max_entropy,199,305,0.7284455062196228,0.6322787819909185,stage1_review_budget_consep_grid_proto_seed42
CoNSeP,prototype_seed42,bad_dice_lt_0.65,global_mean_margin_uncertainty,199,305,0.7525990608781613,0.2722174866921257,stage1_review_budget_consep_grid_proto_seed42
CoNSeP,prototype_seed42,bad_dice_lt_0.65,foreground_area_frac,199,305,0.8186671060219128,0.2569694984903906,stage1_review_budget_consep_grid_proto_seed42
CoNSeP,prototype_seed42,bad_dice_lt_0.65,boundary_risk_score,199,305,0.5003871818106929,0.4323577901180282,stage1_review_budget_consep_grid_proto_seed42
CoNSeP,prototype_seed42,bad_dice_lt_0.65,boundary_overconfidence_score,199,305,0.6355630612076778,0.3136162675166927,stage1_review_budget_consep_grid_proto_seed42
CoNSeP,prototype_seed42,bad_dice_lt_0.65,boundary_abnormality_score,199,305,0.5477798830216657,0.4161014968580831,stage1_review_budget_consep_grid_proto_seed42
CoNSeP,prototype_seed42,bad_dice_lt_0.65,boundary_dual_risk_score,199,305,0.5693055441140127,0.3563438878605814,stage1_review_budget_consep_grid_proto_seed42
CoNSeP,prototype_seed42,bad_dice_lt_0.65,uncertainty_cluster_score,199,305,0.5133536535134691,0.3716823547301497,stage1_review_budget_consep_grid_proto_seed42
CoNSeP,prototype_seed42,bad_dice_lt_0.65,topology_risk_score,199,305,0.668366422275311,0.2963742512885657,stage1_review_budget_consep_grid_proto_seed42
CoNSeP,prototype_seed42,bad_dice_lt_0.65,sfrm_composite_score,199,305,0.5607875442787709,0.3423680457389328,stage1_review_budget_consep_grid_proto_seed42
CoNSeP,prototype_seed42,bad_dice_lt_0.65,sfrm_balanced_score,199,305,0.6269544443529121,0.322838011257694,stage1_review_budget_consep_grid_proto_seed42
CoNSeP,prototype_seed42,low_boundary_dice_le_q25,global_mean_entropy,126,378,0.6061980347694633,0.2480417125417432,stage1_review_budget_consep_grid_proto_seed42
CoNSeP,prototype_seed42,low_boundary_dice_le_q25,global_max_entropy,126,378,0.5690350214159738,0.3279696117381347,stage1_review_budget_consep_grid_proto_seed42
CoNSeP,prototype_seed42,low_boundary_dice_le_q25,global_mean_margin_uncertainty,126,378,0.5998362307886117,0.2419618057205047,stage1_review_budget_consep_grid_proto_seed42
CoNSeP,prototype_seed42,low_boundary_dice_le_q25,foreground_area_frac,126,378,0.6637062232300328,0.2497990554167115,stage1_review_budget_consep_grid_proto_seed42
CoNSeP,prototype_seed42,low_boundary_dice_le_q25,boundary_risk_score,126,378,0.6941714957587973,0.5304023699376382,stage1_review_budget_consep_grid_proto_seed42
CoNSeP,prototype_seed42,low_boundary_dice_le_q25,boundary_overconfidence_score,126,378,0.7603090618963635,0.1687731110784772,stage1_review_budget_consep_grid_proto_seed42
CoNSeP,prototype_seed42,low_boundary_dice_le_q25,boundary_abnormality_score,126,378,0.660808767951625,0.364709129944015,stage1_review_budget_consep_grid_proto_seed42
CoNSeP,prototype_seed42,low_boundary_dice_le_q25,boundary_dual_risk_score,126,378,0.5876900142773159,0.3268316916952793,stage1_review_budget_consep_grid_proto_seed42
CoNSeP,prototype_seed42,low_boundary_dice_le_q25,uncertainty_cluster_score,126,378,0.5138888888888888,0.2686133987588512,stage1_review_budget_consep_grid_proto_seed42
CoNSeP,prototype_seed42,low_boundary_dice_le_q25,topology_risk_score,126,378,0.5274313429075335,0.2266764281170844,stage1_review_budget_consep_grid_proto_seed42
CoNSeP,prototype_seed42,low_boundary_dice_le_q25,sfrm_composite_score,126,378,0.5921411774586377,0.3043240993172498,stage1_review_budget_consep_grid_proto_seed42
CoNSeP,prototype_seed42,low_boundary_dice_le_q25,sfrm_balanced_score,126,378,0.5197992777357857,0.2893087141588464,stage1_review_budget_consep_grid_proto_seed42
CoNSeP,prototype_seed42,high_error_ge_q0.75,global_mean_entropy,126,378,0.9398043167884438,0.8426462535579898,stage1_review_budget_consep_grid_proto_seed42
CoNSeP,prototype_seed42,high_error_ge_q0.75,global_max_entropy,126,378,0.5178676408835139,0.2317067177811065,stage1_review_budget_consep_grid_proto_seed42
CoNSeP,prototype_seed42,high_error_ge_q0.75,global_mean_margin_uncertainty,126,378,0.941609977324263,0.8531098676826531,stage1_review_budget_consep_grid_proto_seed42
CoNSeP,prototype_seed42,high_error_ge_q0.75,foreground_area_frac,126,378,0.8898337112622827,0.7630453990883309,stage1_review_budget_consep_grid_proto_seed42
CoNSeP,prototype_seed42,high_error_ge_q0.75,boundary_risk_score,126,378,0.7396174519190392,0.5075545498314704,stage1_review_budget_consep_grid_proto_seed42
CoNSeP,prototype_seed42,high_error_ge_q0.75,boundary_overconfidence_score,126,378,0.5528260686990845,0.2289897279837425,stage1_review_budget_consep_grid_proto_seed42
CoNSeP,prototype_seed42,high_error_ge_q0.75,boundary_abnormality_score,126,378,0.594450743260267,0.3227342972051168,stage1_review_budget_consep_grid_proto_seed42
CoNSeP,prototype_seed42,high_error_ge_q0.75,boundary_dual_risk_score,126,378,0.614082052574116,0.3328590170830487,stage1_review_budget_consep_grid_proto_seed42
CoNSeP,prototype_seed42,high_error_ge_q0.75,uncertainty_cluster_score,126,378,0.8060594608213656,0.7085948432469898,stage1_review_budget_consep_grid_proto_seed42
CoNSeP,prototype_seed42,high_error_ge_q0.75,topology_risk_score,126,378,0.8891933316536491,0.7247058193520847,stage1_review_budget_consep_grid_proto_seed42
CoNSeP,prototype_seed42,high_error_ge_q0.75,sfrm_composite_score,126,378,0.8957126060300664,0.7989590932065616,stage1_review_budget_consep_grid_proto_seed42
CoNSeP,prototype_seed42,high_error_ge_q0.75,sfrm_balanced_score,126,378,0.8909570000839842,0.8071412967315291,stage1_review_budget_consep_grid_proto_seed42
CoNSeP,prototype_seed42,high_boundary_error_ge_q0.75,global_mean_entropy,126,378,0.9775552196187116,0.931920667255102,stage1_review_budget_consep_grid_proto_seed42
CoNSeP,prototype_seed42,high_boundary_error_ge_q0.75,global_max_entropy,126,378,0.5963928781389098,0.2048737217673457,stage1_review_budget_consep_grid_proto_seed42
CoNSeP,prototype_seed42,high_boundary_error_ge_q0.75,global_mean_margin_uncertainty,126,378,0.9779331485680692,0.9348426277817076,stage1_review_budget_consep_grid_proto_seed42
CoNSeP,prototype_seed42,high_boundary_error_ge_q0.75,foreground_area_frac,126,378,0.9556773326614596,0.8974497411612065,stage1_review_budget_consep_grid_proto_seed42
CoNSeP,prototype_seed42,high_boundary_error_ge_q0.75,boundary_risk_score,126,378,0.6951373141849333,0.4205456851089983,stage1_review_budget_consep_grid_proto_seed42
CoNSeP,prototype_seed42,high_boundary_error_ge_q0.75,boundary_overconfidence_score,126,378,0.5245548836818679,0.2752145148237815,stage1_review_budget_consep_grid_proto_seed42
CoNSeP,prototype_seed42,high_boundary_error_ge_q0.75,boundary_abnormality_score,126,378,0.6158352229780801,0.3320745208413651,stage1_review_budget_consep_grid_proto_seed42
CoNSeP,prototype_seed42,high_boundary_error_ge_q0.75,boundary_dual_risk_score,126,378,0.6330834803057026,0.3513937979298464,stage1_review_budget_consep_grid_proto_seed42
CoNSeP,prototype_seed42,high_boundary_error_ge_q0.75,uncertainty_cluster_score,126,378,0.7953199798437893,0.7117970878069364,stage1_review_budget_consep_grid_proto_seed42
CoNSeP,prototype_seed42,high_boundary_error_ge_q0.75,topology_risk_score,126,378,0.922220122616948,0.8160412804973719,stage1_review_budget_consep_grid_proto_seed42
CoNSeP,prototype_seed42,high_boundary_error_ge_q0.75,sfrm_composite_score,126,378,0.8852355757117661,0.7954404807493373,stage1_review_budget_consep_grid_proto_seed42
CoNSeP,prototype_seed42,high_boundary_error_ge_q0.75,sfrm_balanced_score,126,378,0.9123939699336524,0.8405460284006463,stage1_review_budget_consep_grid_proto_seed42
CoNSeP,prototype_seed42,high_lecr_boundary_ge_q0.75,global_mean_entropy,126,378,0.5776014109347443,0.233164001261564,stage1_review_budget_consep_grid_proto_seed42
CoNSeP,prototype_seed42,high_lecr_boundary_ge_q0.75,global_max_entropy,126,378,0.5253212396069539,0.2442441875945607,stage1_review_budget_consep_grid_proto_seed42
CoNSeP,prototype_seed42,high_lecr_boundary_ge_q0.75,global_mean_margin_uncertainty,126,378,0.5768245569832873,0.231926281612946,stage1_review_budget_consep_grid_proto_seed42
CoNSeP,prototype_seed42,high_lecr_boundary_ge_q0.75,foreground_area_frac,126,378,0.5324179054337784,0.2479114013409275,stage1_review_budget_consep_grid_proto_seed42
CoNSeP,prototype_seed42,high_lecr_boundary_ge_q0.75,boundary_risk_score,126,378,0.6917779457461997,0.1748249885839461,stage1_review_budget_consep_grid_proto_seed42
CoNSeP,prototype_seed42,high_lecr_boundary_ge_q0.75,boundary_overconfidence_score,126,378,0.6877991937515748,0.3488333254857791,stage1_review_budget_consep_grid_proto_seed42
CoNSeP,prototype_seed42,high_lecr_boundary_ge_q0.75,boundary_abnormality_score,126,378,0.5183190560174686,0.2706831607377514,stage1_review_budget_consep_grid_proto_seed42
CoNSeP,prototype_seed42,high_lecr_boundary_ge_q0.75,boundary_dual_risk_score,126,378,0.5409003107415806,0.2770992347767835,stage1_review_budget_consep_grid_proto_seed42
CoNSeP,prototype_seed42,high_lecr_boundary_ge_q0.75,uncertainty_cluster_score,126,378,0.5133954816494499,0.2442921653055428,stage1_review_budget_consep_grid_proto_seed42
CoNSeP,prototype_seed42,high_lecr_boundary_ge_q0.75,topology_risk_score,126,378,0.618816662467456,0.2085470814773075,stage1_review_budget_consep_grid_proto_seed42
CoNSeP,prototype_seed42,high_lecr_boundary_ge_q0.75,sfrm_composite_score,126,378,0.6604623330813807,0.1899957682403627,stage1_review_budget_consep_grid_proto_seed42
CoNSeP,prototype_seed42,high_lecr_boundary_ge_q0.75,sfrm_balanced_score,126,378,0.55519862265894,0.2198992410361984,stage1_review_budget_consep_grid_proto_seed42
CoNSeP,prototype_seed42,high_lecr_uncertainty_ge_q0.75,global_mean_entropy,126,378,0.8434534307550181,0.62067633298675,stage1_review_budget_consep_grid_proto_seed42
CoNSeP,prototype_seed42,high_lecr_uncertainty_ge_q0.75,global_max_entropy,126,378,0.5338666330729823,0.2313936208362561,stage1_review_budget_consep_grid_proto_seed42
CoNSeP,prototype_seed42,high_lecr_uncertainty_ge_q0.75,global_mean_margin_uncertainty,126,378,0.8483455110439238,0.6416495909233711,stage1_review_budget_consep_grid_proto_seed42
CoNSeP,prototype_seed42,high_lecr_uncertainty_ge_q0.75,foreground_area_frac,126,378,0.8058075081884607,0.5984854722982116,stage1_review_budget_consep_grid_proto_seed42
CoNSeP,prototype_seed42,high_lecr_uncertainty_ge_q0.75,boundary_risk_score,126,378,0.706265222138238,0.5030793752826342,stage1_review_budget_consep_grid_proto_seed42
CoNSeP,prototype_seed42,high_lecr_uncertainty_ge_q0.75,boundary_overconfidence_score,126,378,0.5647623246829596,0.2378281769042023,stage1_review_budget_consep_grid_proto_seed42
CoNSeP,prototype_seed42,high_lecr_uncertainty_ge_q0.75,boundary_abnormality_score,126,378,0.5739480977576216,0.3168540971220167,stage1_review_budget_consep_grid_proto_seed42
CoNSeP,prototype_seed42,high_lecr_uncertainty_ge_q0.75,boundary_dual_risk_score,126,378,0.611824976904342,0.3413463911830344,stage1_review_budget_consep_grid_proto_seed42
CoNSeP,prototype_seed42,high_lecr_uncertainty_ge_q0.75,uncertainty_cluster_score,126,378,0.6772276811959352,0.530420221042044,stage1_review_budget_consep_grid_proto_seed42
CoNSeP,prototype_seed42,high_lecr_uncertainty_ge_q0.75,topology_risk_score,126,378,0.8184786260183086,0.5564454162817818,stage1_review_budget_consep_grid_proto_seed42
CoNSeP,prototype_seed42,high_lecr_uncertainty_ge_q0.75,sfrm_composite_score,126,378,0.7990047871000252,0.6276912858921223,stage1_review_budget_consep_grid_proto_seed42
CoNSeP,prototype_seed42,high_lecr_uncertainty_ge_q0.75,sfrm_balanced_score,126,378,0.7930314100949022,0.6202513380446111,stage1_review_budget_consep_grid_proto_seed42
CoNSeP,prototype_seed42,gray_high_dice_high_boundary_error,global_mean_entropy,92,412,0.9519839594765724,0.7819589860310543,stage1_review_budget_consep_grid_proto_seed42
CoNSeP,prototype_seed42,gray_high_dice_high_boundary_error,global_max_entropy,92,412,0.6462642465175179,0.1352897553352217,stage1_review_budget_consep_grid_proto_seed42
CoNSeP,prototype_seed42,gray_high_dice_high_boundary_error,global_mean_margin_uncertainty,92,412,0.9483168003376952,0.770842067583612,stage1_review_budget_consep_grid_proto_seed42
CoNSeP,prototype_seed42,gray_high_dice_high_boundary_error,foreground_area_frac,92,412,0.9621411988180666,0.7915230926571155,stage1_review_budget_consep_grid_proto_seed42
CoNSeP,prototype_seed42,gray_high_dice_high_boundary_error,boundary_risk_score,92,412,0.6555112916842549,0.261967777783078,stage1_review_budget_consep_grid_proto_seed42
CoNSeP,prototype_seed42,gray_high_dice_high_boundary_error,boundary_overconfidence_score,92,412,0.5542554875474883,0.2128982984478855,stage1_review_budget_consep_grid_proto_seed42
CoNSeP,prototype_seed42,gray_high_dice_high_boundary_error,boundary_abnormality_score,92,412,0.6036038412832418,0.2277001187778524,stage1_review_budget_consep_grid_proto_seed42
CoNSeP,prototype_seed42,gray_high_dice_high_boundary_error,boundary_dual_risk_score,92,412,0.6202379696074293,0.2388450164248141,stage1_review_budget_consep_grid_proto_seed42
CoNSeP,prototype_seed42,gray_high_dice_high_boundary_error,uncertainty_cluster_score,92,412,0.7579147319544112,0.4591205023301383,stage1_review_budget_consep_grid_proto_seed42
CoNSeP,prototype_seed42,gray_high_dice_high_boundary_error,topology_risk_score,92,412,0.8972140143520473,0.654860856526694,stage1_review_budget_consep_grid_proto_seed42
CoNSeP,prototype_seed42,gray_high_dice_high_boundary_error,sfrm_composite_score,92,412,0.84086112283664,0.5551593383304209,stage1_review_budget_consep_grid_proto_seed42
CoNSeP,prototype_seed42,gray_high_dice_high_boundary_error,sfrm_balanced_score,92,412,0.8737732165470662,0.5829248994478362,stage1_review_budget_consep_grid_proto_seed42
